{"f1_score": 0.33340034293147286, "roc_auc": 0.19810045767922033}