{"f1_score": 0.4274315154561448, "roc_auc": 0.5577968026791473}